"","Richness","ShannonWiener","Simpson","Evenness.SW","Evenness.Sim","Cellcount","Chlorophyll","Fluorescence","cluster","rows","station","day.mon.yr","lat","lon","bottle","depth..m.","Theta","S","sigPoDen","DOC..mg.C.l.","DOC..uM.","TDN..mg.N.l.","TDN..uM.","SiO2..mg.SiO2.l.","SiO2..uM.","DON..mg.N.l.","DON..uM.","NO3..ug.N.l.","NO3..uM.","NH4..ug.N.l.","NH4.uM.","TDP..ug.P.l.","TDP..uM.","PO4..ug.P.l.","PO4..uM.","DOP..ug.P.l.","DOP..uM.","P.","Si.","Diatoms..cells.l.","DfromF"
"1",6,1.33377453936105,0.324675324675325,0.744393743840896,0.513333333333333,22,0.633755301713576,0.79,1,1,1,"10/18/09",36.6102,143.5,0,0,23.76,34.192,23.1020480330034,1.05,87.29003682,0.12,8.657142857,0.43,7.236097163,0.03,2.427495073,0.013,0.900000001,75,5.329647783,24,0.766483722,5,0.164248211,18.65123378,0.602235511,5.030517092,6.392347162,640,89.70125
"2",5,1.15277401174549,0.351851851851852,0.716258765149907,0.568421052631579,28,0.651402443716098,0.815,1,2,1,"10/18/09",36.6102,143.5,2,25,23.7105,34.218,23.1362321285,1.07,88.81160165,0.16,11.41428571,0.99,16.53846188,0.11,8.096301375,0.032,2.271428704,15,1.046555635,22,0.72464966,5,0.170499267,17.16203769,0.554150394,5.138397994,14.40899747,160,89.70125
"3",2,0.562335144618808,0.5,0.811278124459133,1,4,0.280812461663137,0.29,1,3,1,"10/18/09",36.6102,143.5,4,48,21.8049,34.2195,23.6806195971265,0.93,77.81575981,0.22,15.77142857,0.88,14.60039989,0.02,1.669739337,0.132,9.442857334,65,4.658831901,25,0.792767196,16,0.526809196,8.23671926,0.265958,15.7251022,5.747721138,80,89.70125
"4",2,0.500402423538188,0.6,0.721928094887362,0.833333333333333,5,0.14669418244397,0.1,1,4,1,"10/18/09",36.6102,143.5,8,75,18.846,34.4675,24.6544054614019,1.02,84.88596439,0.24,16.79285714,1.04,17.23443196,0.18,13.04924937,0.043,3.064285698,10,0.679322074,35,1.130493972,8,0.251762947,27.21429983,0.878731025,7.605580625,14.36166411,80,89.70125
"5",3,0.900256051268537,0.392857142857143,0.819448371872804,0.848484848484849,8,0.107870470038422,0.045,2,5,1,"10/18/09",36.6102,143.5,10,150,13.8055,34.5205,25.8577912312333,0.88,73.66695971,0.28,20.14285714,1.87,31.18714689,0.19,13.29330963,0.092,6.58571454,4,0.263832969,46,1.483774601,27,0.870617042,18.9894896,0.613157559,26.55140263,25.01303951,240,89.70125
"6",5,1.39173976951833,0.233333333333333,0.864736538617683,0.857142857142857,16,1.07846328017713,1.42,1,6,2,"10/18/09",35.9347,143.5,0,0,22.969,34.088,23.2525402565441,1,83.01951153,0.13,9.314285714,0.56,9.373959763,0.05,3.523973023,0.012,0.828571418,69,4.961741273,12,0.378818223,4,0.132992947,7.613208787,0.245825276,4.067005851,8.597174059,80,14.5049339691436
"7",3,0.801818552543337,0.488888888888889,0.729846699162098,0.681818181818182,10,0.566696162103992,0.695,3,7,2,"10/18/09",35.9347,143.5,2,25,19.936,33.764,23.8371893132207,0.99,82.31959171,0.12,8.857142857,0.24,3.916083963,0.07,4.770203289,0.001,0.099999996,56,3.986939572,23,0.732318347,1,0.034844868,21.60075364,0.697473479,1.072895572,3.822333966,4080,14.5049339691436
"8",3,0.639031859650177,0.622222222222222,0.581671865717887,0.535714285714286,10,0.541990163300462,0.66,3,8,2,"10/18/09",35.9347,143.5,4,50,17.662,33.432,24.1544753088804,1.03,85.37286513,0.15,10.47857143,0.53,8.807858546,0.04,3.076479582,0.007,0.471428569,97,6.930663278,11,0.369183094,3,0.089235586,8.669974331,0.279947508,2.73416181,8.365894263,160,14.5049339691436
"9",2,0.325082973391448,0.8,0.468995593589281,0.625,10,0.361989314874738,0.405,3,9,2,"10/18/09",35.9347,143.5,8,75,15.686,33.6965,24.8166150939262,0.9,74.52917978,0.15,10.9,0.57,9.410588931,0.08,5.481011047,0.058,4.142857024,18,1.276131929,26,0.824962896,10,0.333026599,15.2352671,0.491936297,10.05490521,5.526660471,80,14.5049339691436
"10",1,0,1,NA,1,10,0.199635608451536,0.175,2,10,2,"10/18/09",35.9347,143.5,10,90,14.0925,33.9355,25.3458595841125,1.22,101.4913086,0.35,25.22857143,0.79,13.18514784,0.17,11.96974517,0.109,7.785714098,77,5.473112159,31,0.990762055,19,0.620574988,11.46469346,0.370187067,18.73260024,5.88604087,480,14.5049339691436
"11",6,1.20008732276787,0.411764705882353,0.669781487626182,0.404761904761905,17,2.87847176443437,3.97,3,11,3,"10/18/09",35.8443,143.5,0,0,24.131,33.717,22.633440954584,1.02,85.119271,0.13,8.964285714,0.61,10.09823559,0.02,1.522549237,0.012,0.85000002,92,6.591736457,4,0.131762994,4,0.123300178,0.262093416,0.008462816,3.765481504,9.301360572,80,4.44165200143111
"12",3,0.509137344082687,0.725274725274725,0.463436782324667,0.45959595959596,14,0.414930740882304,0.48,1,12,3,"10/18/09",35.8443,143.5,2,25,23.456,34.223,23.2142624127,0.99,82.51232325,0.19,13.87142857,0.35,5.784215945,0.01,0.49684825,0.026,1.892857121,161,11.4817232,28,0.897019719,5,0.170499267,22.5003384,0.726520452,5.162058718,4.009662394,160,4.44165200143111
"13",4,0.790234755343283,0.580882352941177,0.570033881335929,0.430379746835443,17,0.249047606058598,0.245,1,13,3,"10/18/09",35.8443,143.5,4,50,22.622,34.465,23.6375346673185,0.99,82.33987924,0.19,13.41428571,0.31,5.203130203,0.1,7.138733671,0.026,1.857142896,62,4.418409148,13,0.415395559,5,0.176750308,7.39084342,0.238645251,5.357885602,3.462058739,240,4.44165200143111
"14",3,0.46341355882643,0.758333333333333,0.42181719939456,0.43956043956044,16,0.17845903804851,0.145,1,14,3,"10/18/09",35.8443,143.5,8,75,20.9035,34.358,24.0327037147258,0.81,67.7227131,0.14,10.25,0.49,8.088578056,0.01,0.807142926,0.053,3.799999931,79,5.642857143,18,0.590610289,14,0.445545544,4.492655144,0.145064745,13.5610455,4.526078121,80,4.44165200143111
"15",4,1.29426999769653,0.274774774774775,0.933618453624078,0.90983606557377,37,0.153753039244979,0.11,2,15,3,"10/18/09",35.8443,143.5,10,110,15.585,34.0015,25.0739040916635,0.99,82.82677998,0.21,15.12857143,0.83,13.81618398,0.02,1.771428457,0.078,5.571428686,109,7.785714286,57,1.835521468,13,0.408039239,44.20912463,1.427482229,12.28876093,8.592969585,1760,4.44165200143111
"16",2,0.223718076065834,0.882352941176471,0.322756958897398,0.566666666666667,17,1.72081924906893,2.33,1,16,4,"10/18/09",35.7645,143.5,0,0,24.869,34.19,22.7706348290566,1.47,122.2860279,0.18,12.71428571,0.24,4.030969037,0.13,9.45832406,0.001,0.099999996,44,3.155961658,12,0.38172425,11,0.345528711,1.120975862,0.03619554,10.69477416,3.937219041,0,-4.44164336387206
"17",3,0.518186213050213,0.721052631578947,0.471673417815515,0.462287104622871,20,0.316106745668181,0.34,1,17,4,"10/18/09",35.7645,143.5,2,40,23.989,34.2525,23.0805065533556,0.97,80.62558286,0.16,11.11428571,0.43,7.094571859,0.13,8.960018878,0.025,1.778571467,5,0.375695369,4,0.119341297,3,0.107988746,0.351588523,0.011352552,3.23325074,5.427161108,240,-4.44164336387206
"18",3,0.394397691447443,0.805263157894737,0.35899624964653,0.413943355119826,20,0.206694465252545,0.185,1,18,4,"10/18/09",35.7645,143.5,4,60,22.601,34.1905,23.4352322051118,0.87,72.71344575,0.13,8.985714286,0.35,5.800865747,0.02,1.728571447,0.017,1.185714267,85,6.071428571,5,0.172063294,5,0.176750308,-0.145156832,-0.004687014,5.399849892,4.689258621,160,-4.44164336387206
"19",2,0.198515243345873,0.9,0.286396957115956,0.555555555555556,20,0.185517894849519,0.155,1,19,4,"10/18/09",35.7645,143.5,8,75,22.0635,34.4225,23.7627997332675,0.8,66.66776149,0.13,9.421428571,0.36,6.068930839,0.1,7.112442117,0.025,1.821428537,7,0.487557917,37,1.191821174,7,0.23300978,29.69438886,0.958811394,7.10247361,4.361341585,0,-4.44164336387206
"20",1,0,1,NA,1,20,0.12198818364044,0.065,1,20,4,"10/18/09",35.7645,143.5,10,120,18.52,34.643,24.8706525134521,0.43,35.79977578,0.09,6.658799324,0.3,4.960039815,0.05,3.545259227,0.04,2.829275857,4,0.28426424,NA,NA,10,0.322519675,NA,NA,9.811604583,2.307593699,0,-4.44164336387206
"21",4,0.51409669733995,0.760869565217391,0.37084237789487,0.328571428571429,24,0.577284447305506,0.71,1,21,5,"10/18/09",35.6807,143.5,0,0,25.235,34.192,22.6611505434267,1.5,124.7149537,0.16,11.4757727,0.25,4.232434424,0.04,2.694116184,0.003,0.219696311,120,8.561960206,NA,NA,10,0.322519675,NA,NA,9.974703304,4.026469132,80,-13.7702166923479
"22",6,1.0474064852063,0.448739495798319,0.584568689712329,0.371410736579276,35,0.69375558452215,0.875,1,22,5,"10/18/09",35.6807,143.5,2,25,25.315,34.2605,22.6884695598476,2.55,212.6394333,0.07,5.314143518,0.27,4.523809437,0.07,4.701202248,0.004,0.296005172,4,0.316936098,NA,NA,1,0.021401365,NA,NA,0.644299942,4.246304589,960,-13.7702166923479
"23",5,1.39686439328204,0.273001508295626,0.867920646388547,0.732596685082873,52,0.538460734899957,0.655,1,23,5,"10/18/09",35.6807,143.5,4,40,25.049,34.2655,22.7732085384275,0.6,49.58699465,0.07,4.68641722,0.21,3.578088609,0.06,4.166034264,0.003,0.223626135,4,0.296756822,NA,NA,1,0.035088569,NA,NA,1.072716336,3.368439108,720,-13.7702166923479
"24",2,0.167944147734173,0.92,0.242292189082415,0.543478260869565,25,0.14669418244397,0.1,1,24,5,"10/18/09",35.6807,143.5,8,80,21.607,34.7365,24.1283795336078,0.43,36.13000857,0.08,5.786590152,0.48,7.938727851,0.02,1.73463001,0.055,3.960200504,1,0.091759639,NA,NA,5,0.171960528,NA,NA,5.07810501,4.226039878,0,-13.7702166923479
"25",2,0.163023629494366,0.923076923076923,0.235193381819241,0.541666666666667,26,0.139635325642962,0.09,1,25,5,"10/18/09",35.6807,143.5,10,100,20.2065,34.741,24.5109259996282,0.39,32.0949767,0.08,5.813020733,0.44,7.286047066,0.03,2.04258196,0.045,3.191171717,8,0.579267056,NA,NA,6,0.192491318,NA,NA,5.762007872,4.294323582,80,-13.7702166923479
"26",4,0.44624376141549,0.800492610837438,0.321896830810883,0.312307692307692,29,1.74552524787246,2.365,1,26,6,"10/18/09",35.5985,143.5,0,0,25.378,34.1365,22.5756020947651,0.68,56.43932498,0.08,5.912135412,0.15,2.489177448,0.06,4.362238354,0.014,0.970630002,8,0.579267056,NA,NA,17,0.553960818,NA,NA,17.09550217,1.579211821,80,-22.9206788355548
"27",4,0.672396261548885,0.64349376114082,0.485031376024428,0.388504155124654,34,0.227871035655571,0.215,1,27,6,"10/18/09",35.5985,143.5,2,25,25.483,34.304,22.6698876077814,0.63,52.32173492,0.12,8.413129134,0.65,10.84582134,0.1,6.960155261,0.017,1.236934341,3,0.216039532,NA,NA,4,0.117211744,NA,NA,3.552739316,9.686195395,480,-22.9206788355548
"28",5,1.15226799121108,0.383503401360544,0.715944356914275,0.521507760532151,49,0.337283316071207,0.37,1,28,6,"10/18/09",35.5985,143.5,4,40,25.4075,34.417,22.7783370244416,0.77,63.90052202,0.09,6.183048866,0.06,1.035631013,0.03,2.240178125,0.022,1.594900293,33,2.347970448,NA,NA,1,0.038140031,NA,NA,1.081515503,-0.459588012,2320,-22.9206788355548
"29",2,0.146144746008564,0.933333333333333,0.210842300318532,0.535714285714286,30,0.26669474806112,0.27,1,29,6,"10/18/09",35.5985,143.5,8,50,24.626,34.5375,23.1064545588656,0.65,53.92129998,0.11,7.82835253,0.4,6.6317015,0.09,6.372256777,0.017,1.227886793,3,0.228208961,NA,NA,3,0.089837352,NA,NA,2.705519874,5.480557632,80,-22.9206788355548
"30",3,0.277113357491456,0.877016129032258,0.252239448210989,0.38007662835249,32,0.17845903804851,0.145,1,30,6,"10/18/09",35.5985,143.5,10,100,19.941,34.7135,24.5599796572094,0.43,35.96489217,0.09,6.655495501,0.59,9.901764549,0.02,1.558505909,0.069,4.901129336,3,0.195860256,NA,NA,7,0.226709311,NA,NA,6.714866787,5.306955797,80,-22.9206788355548
"31",5,0.883850568095866,0.530655391120507,0.54916723488832,0.376892430278884,44,2.63494120479956,3.625,1,31,7,"10/18/09",35.5208,143.5,2,50,25.116,34.3585,22.8231121590154,0.79,66.18119221,0.08,5.568537859,0.35,5.832501066,0.02,1.461348343,0.024,1.73965862,33,2.367530897,NA,NA,1,0.019660215,NA,NA,0.500148195,4.201571109,2880,-31.5702032701925
"32",2,0.135793958751594,0.939393939393939,0.195909270873605,0.532258064516129,33,0.167870752846997,0.13,1,32,7,"10/18/09",35.5208,143.5,4,65,23.9235,34.6175,23.3760997976923,0.52,43.0648971,0.06,4.54765667,0.56,9.247419479,0.05,3.900238623,0.008,0.540284928,1,0.107133119,NA,NA,2,0.06246296,NA,NA,1.900710076,8.740902359,0,-31.5702032701925
"33",2,0.132691420839872,0.941176470588235,0.191433254814193,0.53125,34,0.390224742078773,0.445,1,33,7,"10/18/09",35.5208,143.5,8,75,22.4825,34.6625,23.8270250582292,0.41,34.46852486,0.1,6.8305981,1.02,16.95138234,0.06,4.101401091,0.037,2.648327926,1,0.080869082,NA,NA,6,0.199334904,NA,NA,6.007881467,14.46857491,0,-31.5702032701925
"34",2,0.129740694719428,0.942857142857143,0.187176256873208,0.53030303030303,35,0.344342172872216,0.38,1,34,7,"10/18/09",35.5208,143.5,10,100,21.0575,34.7315,24.2752592019654,0.25,20.74322464,0.08,5.575145505,0.13,2.197802186,0.02,1.211679935,0.056,4.014484445,5,0.348981125,NA,NA,9,0.295145267,NA,NA,8.889743638,-1.565776981,0,-31.5702032701925
"35",2,0.126930545341402,0.944444444444444,0.183122068301373,0.529411764705882,36,0.26669474806112,0.27,1,35,8,"10/18/09",35.4323,143.5,0,0,25.099,34.225,22.7274415842892,0.61,50.40225684,0.08,5.852666605,0.68,11.35531105,0.07,4.65872043,0.014,1.033961828,2,0.159984347,NA,NA,4,0.121070142,NA,NA,3.684919678,10.38597183,0,-41.421978205397
"36",2,0.124250837389631,0.945945945945946,0.179256066928321,0.528571428571429,37,0.386695313678269,0.44,1,36,8,"10/18/09",35.4323,143.5,2,25,25.105,34.2455,22.7411030864255,0.53,44.41678757,0.09,6.470481434,0.74,12.37262716,0.07,4.763514668,0.018,1.309313378,6,0.397653388,NA,NA,5,0.151429738,NA,NA,4.607946893,11.14514587,80,-41.421978205397
"37",5,1.06918927836438,0.407738095238095,0.66432465030437,0.490510948905109,64,0.287871318464146,0.3,1,37,8,"10/18/09",35.4323,143.5,4,35,25.107,34.246,22.7408732233654,0.24,20.05179974,0.06,4.531137557,0.21,3.578088609,0.03,1.952759086,0.034,2.431190478,2,0.147187993,NA,NA,5,0.171960528,NA,NA,5.173668137,1.298847537,2160,-41.421978205397
"38",1,0,1,NA,1,38,0.319636174068685,0.345,1,38,8,"10/18/09",35.4323,143.5,8,50,25.096,34.2525,22.7491237598562,0.37,30.84628397,0.09,6.744698712,0.07,1.107226118,0.09,6.377525171,0.005,0.328265035,1,0.038908505,NA,NA,2,0.069306546,NA,NA,2.125907178,0.799477648,0,-41.421978205397
"39",2,0.116906849137531,0.95,0.16866093149667,0.526315789473684,40,0.344342172872216,0.38,1,39,8,"10/18/09",35.4323,143.5,10,100,20.7695,34.7465,24.3646612100424,0.45,37.1723058,0.09,6.176441221,0.16,2.707292636,0.08,5.885374686,0.001,0.042678205,3,0.24838833,NA,NA,3,0.10352454,NA,NA,3.203487621,2.667281819,80,-41.421978205397
"40",2,0.25303697544794,0.867109634551495,0.365055189640285,0.576628352490421,43,0.241988749257589,0.235,3,40,9,"10/19/09",36.0485,144,0,0,20.158,33.699,23.7294797726938,0.85,71.15130585,0.13,8.992857143,0.18,2.940392846,0.11,7.840411901,0.006,0.457142846,10,0.695302396,NA,NA,2,0.051729277,NA,NA,1.573484281,2.511821428,240,0
"41",5,0.903350430352058,0.540726817042607,0.561283180527193,0.369872537659328,57,0.259635891260111,0.26,3,41,9,"10/19/10",36.0485,144,2,25,17.6195,33.472,24.1953470626815,1.32,109.910634,0.27,18.97857143,0.61,10.16317051,0.12,8.770175536,0.013,0.900000001,130,9.308395892,NA,NA,5,0.170499267,NA,NA,5.224112288,9.319420513,480,0
"42",4,0.523875124027525,0.740646258503401,0.377896021739801,0.337543053960964,49,0.658461300517106,0.825,3,42,9,"10/19/11",36.0485,144,4,40,16.2375,33.68,24.6792124065098,0.95,78.95186155,0.18,13.18571429,0.85,14.14252387,0.03,2.35837348,0.068,4.842857165,84,5.984483641,NA,NA,4,0.11640138,NA,NA,3.302272176,9.602345282,400,0
"43",2,0.108471339035916,0.954545454545455,0.156491062905702,0.523809523809524,44,0.432577882884826,0.505,2,43,9,"10/19/12",36.0485,144,8,70,13.4095,33.9795,25.5206427974588,0.82,67.93573218,0.19,13.92142857,0.73,12.16616743,0.01,1.050000043,0.112,8.014285671,68,4.857142857,NA,NA,19,0.608072905,NA,NA,18.33112503,4.652774617,80,0
"44",3,0.487287662123914,0.729260935143288,0.443548344716471,0.457083764219235,52,0.167870752846997,0.13,2,44,9,"10/19/13",36.0485,144,10,110,12.993,34.412,25.939347982689,0.79,66.14028568,0.3,21.53571429,1.73,28.81118825,0.01,0.457142387,0.223,15.93571476,72,5.142857143,NA,NA,27,0.876868142,NA,NA,26.16062417,13.87145567,560,0
"45",2,0.661563238157982,0.524647887323944,0.954434002924965,0.953020134228188,72,0.12198818364044,0.065,3,45,10,"10/19/14",36.127,144,0,0,18.378,33.229,23.8244808705209,0.76,63.57028923,0.09,6.305290303,0.55,9.175824436,0.01,0.86490612,0.018,1.269194036,58,4.171190147,NA,NA,2,0.069306546,NA,NA,2.067099115,7.985955028,2160,8.73858002727257
"46",4,0.361947033435781,0.845714285714286,0.261089595101136,0.295608108108108,50,0.224341607255067,0.21,3,46,10,"10/19/15",36.127,144,2,25,17,33.353,24.2514347920553,0.95,78.89515451,0.12,8.333837391,0.98,16.3702966,0.04,2.82275629,0.012,0.884086029,65,4.626995072,NA,NA,3,0.10352454,NA,NA,3.150899632,15.54146595,320,8.73858002727257
"47",2,0.101264817566792,0.958333333333333,0.146094250120136,0.521739130434783,48,0.916109573753927,1.19,3,47,10,"10/19/16",36.127,144,4,40,16.142,33.651,24.6787152862387,0.97,80.85591169,0.18,12.61228768,0.05,0.817515824,0.04,2.656808227,0.078,5.570636442,61,4.384843013,NA,NA,17,0.562045567,NA,NA,17.05838644,-4.40495584,80,8.73858002727257
"48",4,0.649125863738079,0.631411951348493,0.468245332263846,0.395938023450586,62,0.319636174068685,0.345,2,48,10,"10/19/17",36.127,144,8,70,12.6955,33.8905,25.5940771170726,0.86,71.36171905,0.2,14.07257728,0.84,13.97102903,0.06,4.078606382,0.097,6.900603779,43,3.093367119,NA,NA,1,0.033347411,NA,NA,0.60148158,7.501712983,1120,8.73858002727257
"49",2,0.431577220831821,0.733212341197822,0.62263431625471,0.681930693069307,58,0.17845903804851,0.145,2,49,10,"10/19/18",36.127,144,10,110,10.612,33.8865,25.9776101992211,0.79,66.16055266,0.25,18.09993705,1.23,20.43956008,0.09,6.757494607,0.153,10.94478906,6,0.397653388,NA,NA,28,0.917912677,NA,NA,27.74370628,10.17882034,720,8.73858002727257
"50",4,0.580116954871126,0.689071038251366,0.41846592696409,0.362807295796987,61,0.129047040441448,0.075,3,50,11,"10/19/19",36.2273,144,0,0,20.988,33.781,23.5707766881176,1.1,91.651856,0.17,12.06428571,0.5,8.306693245,0.02,1.530597028,0.009,0.650000027,138,9.88368866,10,0.32187278,3,0.089235586,7.204773906,0.232637194,2.723001094,7.69731822,1520,19.9039249538375
"51",4,0.53786162296233,0.749853886616014,0.387985148066122,0.333398285268901,59,0.450225024887348,0.53,3,51,11,"10/19/20",36.2273,144,2,20,18.068,33.491,24.1010829135625,1.28,106.7585459,0.44,31.24915107,0.41,6.776556864,0.4,28.71055234,0.024,1.725493517,11,0.813105216,NA,NA,1,0.02463907,NA,NA,0.65522864,5.158906692,880,19.9039249538375
"52",2,0.158410570131791,0.927323549965059,0.228538143953528,0.539186134137151,54,0.609049302910045,0.755,3,52,11,"10/19/21",36.2273,144,4,40,17.3425,33.7705,24.4904704524315,0.81,67.58468155,0.14,9.817253747,0.48,7.938727851,0.06,4.372660213,0.039,2.774991579,37,2.669601955,NA,NA,10,0.308832471,NA,NA,9.391104646,5.337173246,160,19.9039249538375
"53",3,0.408077424994921,0.787005649717514,0.371448079731248,0.423546302943288,60,0.316106745668181,0.34,2,53,11,"10/19/22",36.2273,144,8,95,12.5055,33.9425,25.6714383850065,0.67,56.05749332,0.24,16.9535106,0.54,9.029303794,0.15,10.92117931,0.08,5.71539519,4,0.316936098,NA,NA,19,0.623637969,NA,NA,18.95685569,3.671120804,560,19.9039249538375
"54",3,0.178831360119599,0.929220779220779,0.162779318931889,0.358723503377591,56,0.136105897242457,0.085,2,54,11,"10/19/23",36.2273,144,10,155,11.89,34.408,26.1506675852015,0.61,50.66025121,0.32,22.63608551,1.69,28.14352294,0.19,13.56730884,0.12,8.538181687,7,0.530594982,NA,NA,26,0.849476689,NA,NA,25.77465671,20.13897761,1520,19.9039249538375
"55",4,0.550588887726246,0.709090909090909,0.397165928945612,0.352564102564103,66,0.107870470038422,0.045,3,55,12,"10/19/24",36.2977,144,0,0,23.615,33.8,22.8476455390569,0.48,39.75224945,0.09,6.450658499,0.35,5.832501066,0.08,6.023543338,0.001,0.069820512,5,0.357294649,NA,NA,4,0.137742534,NA,NA,4.261522493,5.767044336,2960,27.740817105684
"56",4,0.66346708166483,0.633411580594679,0.478590334255462,0.394688079061149,72,0.654931872116602,0.82,1,56,12,"10/19/25",36.2977,144,2,15,23.446,34.1275,23.144828490125,0.77,63.94180112,0.09,6.126883882,0.5,8.374958724,0.02,1.218494566,0.007,0.495047861,62,4.413341455,NA,NA,4,0.14458612,NA,NA,4.446891642,7.910851354,2480,27.740817105684
"57",2,0.0870995231917752,0.96551724137931,0.125658050172567,0.517857142857143,58,0.951403857758971,1.24,3,57,12,"10/19/26",36.2977,144,4,40,19.9965,33.963,23.9730880131594,1.09,90.94179241,0.16,11.46428571,0.34,5.740925665,0.02,1.200000063,0.037,2.621428509,107,7.642857143,64,2.063083618,5,0.170499267,58.61333736,1.892584351,5.116523006,3.283336438,0,27.740817105684
"58",3,0.275496780566113,0.875727128503437,0.250767976480683,0.380636070853462,62,0.280812461663137,0.29,3,58,12,"10/19/27",36.2977,144,8,45,18.4595,33.7095,24.1717374292125,1.77,147.6454418,0.55,39.26428571,0.59,9.800199465,0.52,37.1660355,0.014,1.035714256,15,1.062535957,13,0.414081354,4,0.126741906,8.898902722,0.287339449,3.860464678,8.82921735,320,27.740817105684
"59",7,1.06291756816834,0.464224664224664,0.546231576357397,0.307732772225145,91,0.277283033262633,0.285,1,59,12,"10/19/28",36.2977,144,10,50,19.367,34.348,24.430226219145,0.89,74.29587317,0.25,18.17142857,0.77,12.79886786,0.19,13.81945795,0.059,4.20000005,2,0.151970569,19,0.618643879,9,0.301771364,9.813541794,0.316872515,9.083359143,8.861367813,2560,27.740817105684
"60",5,0.779054134731397,0.608391608391608,0.484053549821727,0.328735632183908,78,0.199635608451536,0.175,1,60,13,"10/19/29",36.3885,144,0,0,23.804,34.181,23.0808171644381,1.11,92.76767021,0.28,19.80714286,0.29,4.875125029,0.26,18.92050096,0.009,0.60714289,4,0.279499008,1,0.046955119,1,0.045478225,0.045739403,0.001476894,1.370514195,4.30592857,0,37.8486268697128
"61",3,0.30619287598019,0.855944055944056,0.278708766630855,0.389433551198257,66,0.697285012922655,0.88,1,61,13,"10/19/30",36.3885,144,2,20,23.621,34.1815,23.1347597723815,0.92,76.81152702,0.11,7.792857143,0.47,7.843822886,0.05,3.307142851,0.007,0.485714292,56,4,3,0.100839527,3,0.107988746,-0.221411312,-0.007149219,3.314054314,7.388465737,0,37.8486268697128
"62",2,0.0815104109503315,0.968253968253968,0.117594665658865,0.516393442622951,63,0.856109290945352,1.105,1,62,13,"10/19/31",36.3885,144,4,35,22.023,34.341,23.7122177513072,0.91,76.04060084,0.19,13.36428571,0.55,9.239094082,0.07,5.15714287,0.032,2.278571416,83,5.928571429,40,1.285343829,8,0.2705161,31.42921477,1.014827729,8.235472904,7.102933379,80,37.8486268697128
"63",5,0.885768421894178,0.532431052093973,0.55035886445259,0.375635491606715,89,0.421989597683313,0.49,1,63,13,"10/19/32",36.3885,144,8,50,20.1085,34.634,24.4552530155697,0.78,64.96360888,0.16,11.41428571,0.8,13.36663336,0.03,2.392857393,0.084,6.021428321,42,3,57,1.839024904,14,0.439294503,43.34965054,1.399730402,13.22861148,7.721544311,2000,37.8486268697128
"64",2,0.182836586539872,0.913161465400271,0.263777436694139,0.547548291233284,67,0.181988466449014,0.15,1,64,13,"10/19/33",36.3885,144,10,80,17.677,34.5805,25.0307581561144,1.13,94.39067269,0.33,23.8,0.78,12.9620383,0,0.222317461,0.133,9.507143072,197,14.07053947,9,0.275660316,8,0.250822375,0.769231037,0.024837941,7.173772495,4.049091674,320,37.8486268697128
"65",8,1.10755702621444,0.43519661435373,0.532622343073766,0.287226499189627,107,0.132576468841953,0.08,1,65,14,"10/19/34",36.471,144,0,0,23.171,34.16,23.2490441262681,1.09,90.63747945,0.16,11.15714286,0.31,5.203130203,0.01,0.797069336,0.001,0.092857143,144,10.26721638,18,0.566299631,1,0.039227177,16.3234339,0.527072454,1.209062084,5.116076632,2160,47.032484860158
"66",5,0.348545970916471,0.863581488933602,0.216563788030402,0.231593662628145,71,0.478460452091383,0.57,1,66,14,"10/19/35",36.471,144,2,25,23.7205,34.176,23.101505013641,4.26,354.3753834,1.65,117.7571429,0.11,1.761571808,1.63,116.3714837,0.004,0.307142868,15,1.078516278,10,0.337642895,2,0.051729277,8.854744752,0.285913618,1.58285928,1.47362537,960,47.032484860158
"67",3,0.151289033594437,0.942455242966752,0.137709212936122,0.353686114880145,69,0.429048454484321,0.5,1,67,14,"10/19/36",36.471,144,4,30,23.614,34.1465,23.1102993095334,0.95,78.75913001,0.15,10.98571429,0.28,4.675324921,0.09,6.371428586,0.006,0.399999986,59,4.214285714,20,0.646680672,2,0.070482433,17.84485947,0.576198239,2.157840959,4.300324934,800,47.032484860158
"68",3,0.42463773504855,0.770562770562771,0.386521923547164,0.432584269662921,78,0.527872449698444,0.64,1,68,14,"10/19/37",36.471,144,8,40,21.582,34.2355,23.7544001264928,0.8,66.64680388,0.2,14.40131771,0.46,7.612387458,0.12,8.216815333,0.054,3.842857267,33,2.341645112,53,1.706519172,10,0.314273446,43.11785011,1.392245725,9.492870057,4.00970877,80,47.032484860158
"69",2,0.0748759732320604,0.971428571428571,0.108023195263628,0.514705882352941,70,0.439636739685835,0.515,1,69,14,"10/19/38",36.471,144,10,90,16.4465,34.6385,25.3676207900571,0.76,62.94904454,0.22,15.61957232,0.89,14.7752243,0.03,2.29814407,0.148,10.60714253,38,2.714285714,24,0.782315147,24,0.783102349,-0.024379662,-0.000787203,23.58973335,4.831028175,80,47.032484860158
"70",6,0.953880238948864,0.43984962406015,0.532370697814604,0.378917378917379,133,0.114929326839431,0.055,1,70,15,"10/19/39",36.5502,144,0,0,23.583,34.185,23.1484995213831,0.97,80.98070062,0.11,7.552423659,0.55,9.147518681,0.09,6.395280799,0.008,0.585714289,8,0.571428571,4,0.141620929,5,0.145495058,-0.119981799,-0.00387413,4.469374813,8.598411535,5840,55.8489885309852
"71",7,0.73745158963653,0.651685393258427,0.37897514949215,0.219211822660099,89,0.358459886474234,0.4,1,71,15,"10/19/40",36.5502,144,2,20,23.4855,34.186,23.1776572134407,0.97,80.82832043,0.11,8.01911821,0.53,8.876124025,0.1,7.454979945,0.001,0.08571429,7,0.478423975,9,0.29383919,5,0.157997155,4.207027803,0.135842034,4.887814754,8.795766879,80,55.8489885309852
"72",8,1.41974175153756,0.330174291938998,0.682751461428751,0.378587924777301,136,0.517284164496931,0.625,3,72,15,"10/19/41",36.5502,144,4,32,20.8681,34.065,23.81923102152,1.03,85.78575602,0.1,7.3,0.44,7.297702523,0.03,1.985714233,0.02,1.45714291,54,3.857142857,11,0.339037779,5,0.176750308,5.026042967,0.162287471,5.382885601,5.931631045,2960,55.8489885309852
"73",2,0.071584833692919,0.972972972972973,0.103275084571635,0.513888888888889,74,0.58081387570601,0.715,1,73,15,"10/19/42",36.5502,144,8,50,20.213,34.2465,24.1322483995307,1.99,165.3282164,0.62,44.19400684,0.36,5.965700973,0.58,41.11741498,0.017,1.192857112,26,1.883734746,13,0.422841455,4,0.139244003,8.783013097,0.283597452,4.237833191,4.84739743,0,55.8489885309852
"74",4,0.20743117643669,0.923103212576897,0.149629964785488,0.270825620140689,77,0.284341890063641,0.295,1,74,15,"10/19/43",36.5502,144,10,70,17.9425,34.578,24.9640273357111,1.8,149.4806764,0.57,41.01199854,0.7,11.64002693,0.34,23.97601443,0.06,4.25714281,179,12.7788413,23,0.750058106,18,0.5705666,5.558851938,0.179491506,17.40437618,7.648955548,240,55.8489885309852
"75",9,1.19540277870963,0.473382473382473,0.544051250400111,0.234717416378316,111,0.245518177658093,0.24,1,75,16,"10/19/44",36.6308,144,0,0,22.333,34.107,23.447618229839,0.97,80.44229061,0.1,6.803894088,0.17,2.822177711,0.08,5.360406936,0.003,0.207142855,17,1.236344298,5,0.173377467,2,0.051729277,3.767444451,0.12164819,1.589109281,2.627981285,1920,64.8213394889232
"76",7,1.14978157667813,0.435674931129477,0.590870846342171,0.327898468903844,121,0.386695313678269,0.44,1,76,16,"10/19/45",36.6308,144,2,20,22.0115,34.258,23.6523859299671,0.93,77.75024055,0.12,8.321428571,0.24,3.942723944,0.03,2.442857132,0.004,0.307142868,78,5.571428571,5,0.158046498,4,0.139244003,0.58231329,0.018802496,4.293190331,3.654777506,3600,64.8213394889232
"77",7,1.1724824240735,0.418947631546057,0.602536774189038,0.340990453460621,127,1.02905128257007,1.35,1,77,16,"10/19/46",36.6308,144,4,35,21.9405,34.3065,23.7090244584432,0.8,66.32172613,0.08,5.909901281,0.13,2.102897221,0,-0.173597017,0.001,0.078571428,84,6.004926869,14,0.467959303,3,0.089235586,11.72907353,0.378723717,2.758715381,2.029236507,4480,64.8213394889232
"78",3,0.181985168957525,0.92716049382716,0.165650039449452,0.359520639147803,81,1.77023124667599,2.4,1,78,16,"10/19/47",36.6308,144,8,55,18.944,34.4615,24.6249925745224,1.15,95.84284871,0.24,16.80146111,0.93,15.47119536,0.12,8.517286775,0.063,4.521428474,53,3.762745865,24,0.778091697,14,0.451796585,10.10535961,0.326295112,13.70955096,11.23235617,80,64.8213394889232
"79",1,0,1,NA,1,79,0.273753604862128,0.28,2,79,16,"10/19/48",36.6308,144,10,70,16.125,34.2045,25.1080833711176,0.88,73.54454724,0.18,12.83758792,0.92,15.34964992,0.06,4.316634825,0.093,6.621428366,27,1.899524728,62,1.99365194,18,0.5705666,44.07295297,1.42308534,17.25660833,9.142060829,0,64.8213394889232
"80",3,0.425986469911835,0.780708180708181,0.387749594926045,0.426962777604004,91,0.185517894849519,0.155,3,80,17,"10/20/09",36.5,144.5,0,0,20.053,33.748,23.7943855394358,1.8,150.0901971,0.49,34.76920131,0.26,4.412254174,0.47,33.40428558,0.002,0.128571426,17,1.236344298,43,1.401423946,2,0.064231385,41.41285362,1.337192561,1.981210274,4.291718462,0,79.3708
"81",3,0.130281794200603,0.952101087275933,0.118587599596714,0.350102880658436,83,0.238459320857084,0.23,3,81,17,"10/20/10",36.5,144.5,2,20,20.0485,33.7515,23.7982326488739,0.94,78.09563565,0.09,6.343260506,0.35,5.904096109,0.03,2.050403372,0.006,0.435714277,54,3.857142857,30,0.957032593,1,0.01919386,29.04486554,0.937838732,0.567201708,5.495613974,720,79.3708
"82",3,0.129019438418686,0.952667814113597,0.117438553846053,0.349894610057212,84,0.273753604862128,0.28,3,82,17,"10/20/11",36.5,144.5,4,40,19.838,33.893,23.9611128033666,0.8,66.39283689,0.16,11.45568717,0.2,3.318348419,0.14,9.734007098,0.008,0.564285687,16,1.157394387,16,0.515269617,2,0.057980329,14.16224926,0.457289288,1.760382937,2.789330587,160,79.3708
"83",2,0.0645814363776275,0.976190476190476,0.0931713179954893,0.51219512195122,84,0.513754736096427,0.62,1,83,17,"10/20/12",36.5,144.5,8,50,18.254,34.237,24.6262185096818,0.79,65.49887309,0.17,11.82237575,0.67,11.19380588,0.02,1.172375716,0.106,7.57857146,43,3.071428571,19,0.619518876,19,0.608072905,0.354481715,0.011445971,18.35835716,4.088895136,0,79.3708
"84",6,0.607885294365862,0.726448155019584,0.33926724250982,0.229426787741203,99,0.241988749257589,0.235,2,84,17,"10/20/13",36.5,144.5,10,145,10.1485,33.9685,26.1216820127524,1.62,134.5474175,0.49,35.07224972,1.2,20.0283059,0.4,28.41368923,0.061,4.364285618,32,2.294274872,27,0.88387792,17,0.564315501,9.896848129,0.319562419,17.20408321,15.93678813,2560,79.3708
"85",7,0.860298169051514,0.617057424396874,0.442105803019305,0.231513530522341,109,0.0972821848369089,0.03,1,85,18,"10/20/14",36.4148,144.5,0,0,21.52,34.189,23.7361173731712,4.01,334.1654693,1.31,93.8333363,0.3,5.058274839,1.22,87.00734911,0.008,0.599999979,87,6.225987208,25,0.819486582,3,0.107988746,22.03508798,0.711497836,3.306911459,4.495774859,2400,69.8863793844127
"86",6,0.77971555756882,0.63438668025824,0.435167538366489,0.262720942688806,109,0.930227287355944,1.21,1,86,18,"10/20/15",36.4148,144.5,2,20,21.501,34.222,23.7664288129454,4.29,357.5304321,1.47,105.1673468,0.33,5.569430816,1.4,100.2395888,0.027,1.907142811,42,3.02061523,85,2.754090962,2,0.057980329,83.49854629,2.696110633,1.676454367,3.781484431,1520,69.8863793844127
"87",4,0.397705425344749,0.809493127147766,0.286883822439753,0.308835234810295,97,1.11022813578167,1.465,3,87,18,"10/20/16",36.4148,144.5,4,30,20.3755,34.0225,23.9185412771767,0.81,67.64235446,0.09,6.200827754,0.27,4.513819754,0.08,5.456982323,0,0.028571428,10,0.715274003,7,0.238863422,4,0.126741906,3.472403355,0.112121516,3.923411105,4.487034041,720,69.8863793844127
"88",4,0.452917668575277,0.768910891089109,0.326711037192272,0.325135204738604,101,0.429048454484321,0.5,3,88,18,"10/20/17",36.4148,144.5,8,40,18.8525,33.727,24.0868320401057,0.84,70.32424585,0.11,8.207008224,0.69,11.43523149,0.08,5.755630952,0.019,1.357142814,15,1.094234458,59,1.913274162,4,0.132992947,55.13530924,1.780281215,4.033970138,10.1629101,960,69.8863793844127
"89",2,0.0610470380395934,0.977777777777778,0.0880722590406813,0.511363636363636,90,0.294930175265155,0.31,2,89,18,"10/20/18",36.4148,144.5,10,70,15.2865,34.2865,25.3596787856513,1.13,94.21745999,0.34,24.40797619,0.84,13.95770879,0.26,18.69945614,0.065,4.614285593,15,1.094234458,41,1.314691624,18,0.576817641,22.85195725,0.737873983,17.5756495,9.631816043,0,69.8863793844127
"90",6,1.40149027132484,0.301282329928276,0.782186613434585,0.553190977732891,215,0.14669418244397,0.1,1,90,19,"10/20/19",36.3287,144.5,0,0,22.332,34.128,23.4638392425626,0.96,80.18832362,0.09,6.649339399,0.3,4.951714914,0.08,5.434443864,0.008,0.578571444,9,0.636324092,4,0.129373573,4,0.132992947,-0.112092002,-0.003619374,4.082630849,4.409304185,7200,60.301771227112
"91",4,0.406705790842513,0.801980198019802,0.293376213774659,0.311728395061728,102,0.72552044012669,0.92,1,91,19,"10/20/20",36.3287,144.5,2,20,21.606,34.118,23.6584736993943,0.81,67.21568993,0.09,6.16143146,0.35,5.855810988,0.04,2.873603188,0.037,2.635714199,9,0.652114074,8,0.254875666,7,0.220507683,1.064376421,0.034367983,6.664390816,3.384828926,800,60.301771227112
"92",4,0.539648507628642,0.698037323037323,0.389274112889486,0.358147038488131,112,0.503166450894914,0.605,1,92,19,"10/20/21",36.3287,144.5,4,30,20.746,34.1415,23.9103034192494,0.77,63.75158022,0.07,5.182585098,0.24,4.057609019,0.04,2.828577982,0.018,1.307142898,15,1.046864218,6,0.189832096,5,0.151746114,1.179522873,0.038085982,4.61788072,2.832162551,1520,60.301771227112
"93",5,0.773486255286199,0.624697336561743,0.48059403181101,0.32015503875969,119,0.517284164496931,0.625,1,93,19,"10/20/22",36.3287,144.5,8,50,19.7255,34.608,24.5358685198487,1.08,90.25557499,0.28,20.02286571,0.41,6.909756771,0.21,15.29179137,0.052,3.700000101,14,1.031074235,28,0.92023573,12,0.383035016,16.63710611,0.537200714,11.63134443,3.441006676,3440,60.301771227112
"94",1,0,1,NA,1,94,0.294930175265155,0.31,1,94,19,"10/20/23",36.3287,144.5,10,90,14.992,34.5215,25.6055480780117,0.65,54.22273887,0.2,14.26191544,1.14,18.91941338,0.1,7.144359395,0.079,5.628571447,21,1.488984602,33,1.065227667,21,0.676834475,12.02853718,0.388393193,20.60977797,13.64262765,0,60.301771227112
"95",4,0.170494981710864,0.939406690511256,0.122986132305359,0.266125419932811,98,0.114929326839431,0.055,3,95,20,"10/20/24",36.1602,144.5,0,0,20.74,33.842,23.6839064925234,1.12,93.20159204,0.19,13.40125796,0.75,12.54412301,0.16,11.72730608,0.001,0.042857145,23,1.631094736,8,0.243632548,7,0.239260836,0.135391917,0.004371712,7.407229518,12.50394443,1440,41.5444370284461
"96",1,0,1,NA,1,96,0.450225024887348,0.53,3,96,20,"10/20/25",36.1602,144.5,2,20,17.858,33.437,24.1109117039675,0.98,81.29561969,0.14,10.08590836,0.53,8.754578583,0.11,7.620214878,0.007,0.471428569,28,1.994264915,63,2.043590601,6,0.208005572,56.84806835,1.835585029,6.412468276,8.3126143,2880,41.5444370284461
"100",2,0.290590168537972,0.843126684636119,0.41923299508082,0.593030690537084,106,0.150223610844475,0.105,3,100,21,"10/20/29",36.079,144.5,0,0,19.269,33.552,23.8476162451603,0.92,76.61246845,0.09,6.306894697,0.26,4.262404465,0.07,5.173190414,0.002,0.149999995,14,0.983704289,1,0.045992907,1,0.036912965,0.281205814,0.009079942,1.133819516,4.12177947,720,32.5052943760322
"101",3,0.111902056890931,0.96020202020202,0.101857641722353,0.347149168945929,100,0.26669474806112,0.27,3,101,21,"10/20/30",36.079,144.5,2,20,17.639,33.5285,24.2339317666081,1,83.24608615,0.12,8.752495361,0.49,8.213453062,0.1,7.464278273,0.004,0.257142853,14,1.031074235,7,0.214568938,6,0.201754516,0.396862648,0.012814422,6.232265937,7.972381637,0,32.5052943760322
"102",2,0.0972674522428011,0.960792079207921,0.140327270990593,0.52040395713108,101,0.83846214894283,1.08,3,102,21,"10/20/31",36.079,144.5,4,30,17.56,33.6425,24.3402761624279,0.93,77.35405205,0.11,7.740313673,0.35,5.86913073,0.04,2.690313641,0.011,0.764285746,60,4.285714286,6,0.207659026,6,0.195503475,0.376457407,0.012155551,6.006974762,5.152612843,880,32.5052943760322
"103",2,0.131691556532418,0.942889777270131,0.189990755536268,0.530284675953967,103,0.506695879295418,0.61,2,103,21,"10/20/32",36.079,144.5,8,50,15.542,33.8085,24.9349315250338,1.75,145.8235518,0.6,43.10303257,0.78,12.93539783,0.5,35.52796536,0.088,6.307142654,18,1.267924557,41,1.330461708,17,0.533060295,24.69552178,0.797401414,16.11468092,7.022451588,720,32.5052943760322
"104",1,0,1,NA,1,101,0.287871318464146,0.3,2,104,21,"10/20/33",36.079,144.5,10,90,11.924,33.9255,25.7694511671373,0.92,76.63278581,0.22,15.73473071,0.91,15.10156519,0.1,7.094476002,0.118,8.449999882,3,0.19025483,33,1.054494659,22,0.708089739,10.72816037,0.34640492,21.40141422,7.1796903,0,32.5052943760322
"105",5,0.590332581719464,0.728711484593837,0.36679425603107,0.274457044013069,120,0.167870752846997,0.13,3,105,22,"10/20/34",35.9967,144.5,0,0,18.109,33.156,23.8347231696255,0.98,81.3870478,0.1,6.809955056,0.27,4.488844555,0.09,6.393442317,0.001,0.057142856,5,0.359369884,12,0.386044561,4,0.114239794,8.417793629,0.271804767,3.534434999,4.435273128,240,23.3437002837452
"106",3,0.393210877496443,0.807322654462243,0.357915965033622,0.412887377173091,115,0.252577034459102,0.25,3,106,22,"10/20/35",35.9967,144.5,2,20,17.3125,33.256,24.1032404276168,0.96,79.71086569,0.11,7.961539012,0.27,4.453879672,0.11,7.650433991,0.001,0.078571428,3,0.232533593,45,1.468004517,2,0.070482433,43.28125893,1.397522084,2.177930244,4.380218958,1440,23.3437002837452
"107",4,0.229765401708895,0.910465511382943,0.165740702806642,0.274584810598992,109,0.58081387570601,0.715,3,107,22,"10/20/36",35.9967,144.5,4,30,16.5065,33.639,24.5858981541039,1.85,153.645735,0.59,42.37571638,0.56,9.282384362,0.54,38.71576821,0.047,3.342857052,4,0.31709112,16,0.511543421,11,0.345528711,5.141475569,0.16601471,10.4920956,6.148455875,80,23.3437002837452
"108",4,0.504952406936127,0.759090909090909,0.364246166685848,0.32934131736527,121,0.457283881688356,0.54,2,108,22,"10/20/37",35.9967,144.5,8,50,14.761,33.806,25.1039863587725,0.83,69.34901262,0.16,11.26779716,0.55,9.109224235,0.11,7.929855717,0.042,2.978571558,5,0.359369884,23,0.738886044,9,0.289269253,13.92463203,0.449616791,8.772508032,6.316813399,560,23.3437002837452
"109",4,0.368160557260106,0.825375773651636,0.265571705105036,0.302892340653455,117,0.213753322053554,0.195,2,109,22,"10/20/38",35.9967,144.5,10,90,11.842,33.878,25.7479646372847,1.15,95.74126191,0.35,24.85951832,0.89,14.74525426,0.23,16.41868523,0.116,8.292857025,2,0.147976066,24,0.787083518,23,0.758098126,0.897677589,0.028985392,22.95999541,6.970700798,800,23.3437002837452
"110",4,0.365873552572021,0.826741996233522,0.263921979944041,0.302391799544419,118,0.136105897242457,0.085,3,110,23,"10/20/39",35.9117,144.5,0,0,18.074,33.224,23.8953023039697,1.13,94.0142864,0.14,10.09196933,0.55,9.180819278,0.14,9.957122216,0.001,0.071428575,1,0.063418539,5,0.175650643,4,0.12049085,1.708298775,0.055159793,3.727137337,9.113854989,3600,13.8815435663175
"111",3,0.17415950169313,0.930019305019305,0.15852681013087,0.358415499048608,112,0.478460452091383,0.57,3,111,23,"10/20/40",35.9117,144.5,2,20,17.3315,33.3675,24.1841827522387,0.9,75.33247483,0.14,10.04954255,0.3,4.966699934,0.14,9.696737145,0.001,0.035714287,4,0.31709112,35,1.139257306,3,0.10173769,32.13198251,1.037519616,3.148584118,4.93321779,1440,13.8815435663175
"112",2,0.0517811006744465,0.981818181818182,0.0747043371547961,0.509259259259259,110,0.549049020101471,0.67,3,112,23,"10/20/41",35.9117,144.5,4,30,16.561,33.4815,24.452361186356,0.89,74.48930444,0.13,9.598000423,0.41,6.749916883,0.12,8.542100021,0.014,1.014285721,1,0.041614681,16,0.522495956,9,0.276767141,7.61022139,0.245728815,8.508085505,5.799024019,240,13.8815435663175
"113",1,0,1,NA,1,110,0.743167582129212,0.945,2,113,23,"10/20/42",35.9117,144.5,8,50,14.149,33.8685,25.2822745677704,0.82,68.66838109,0.14,10.32531661,0.61,10.20313024,0.09,6.215946647,0.058,4.107142932,0,0.002227027,33,1.068730981,16,0.526809196,16.78331769,0.541921785,16.05858435,6.35268374,0,13.8815435663175
"114",4,0.357030277998051,0.832001083863975,0.257542905757498,0.300480377788634,122,0.189047323250023,0.16,3,114,24,"10/20/44",35.831,144.5,0,0,18.564,33.355,23.8747243627198,0.93,77.288284,0.11,7.971428571,0.24,4.072594039,0.1,7.370358304,0.002,0.157142856,6,0.443927411,7,0.214772368,2,0.070482433,4.468659267,0.144289934,2.17301953,3.925272612,800,4.89806065930009
"115",2,0.0506455745968486,0.982300884955752,0.0730661193138456,0.509009009009009,113,NA,NA,3,115,24,"10/20/46",35.831,144.5,4,30,17.4845,33.5005,24.2495884023442,0.94,78.34323562,0.12,8.285714286,0.28,4.675324921,0.11,7.684440122,0.008,0.578571444,0,0.02270272,37,1.179554403,2,0.051729277,34.92874416,1.127825126,1.565894994,4.132914192,0,4.89806065930009
"116",7,0.948814320024473,0.535864978902954,0.487594106277259,0.266591676040495,159,0.358459886474234,0.4,3,116,24,"10/20/47",35.831,144.5,8,50,16.3435,33.665,24.6434032611544,0.88,72.88588976,0.15,10.47142857,0.41,6.886446849,0.1,7.226141351,0.045,3.235714244,0,0.009572977,12,0.373916692,10,0.314273446,1.847151321,0.059643246,9.530816496,3.852964745,2880,4.89806065930009
"117",1,0,1,NA,1,114,0.351401029673225,0.39,2,117,24,"10/20/48",35.831,144.5,10,90,13.7565,33.997,25.4631930332314,0.86,71.64835037,0.19,13.66428571,0.73,12.21445255,0.14,9.730017101,0.054,3.828571311,1,0.105697303,66,2.141930959,19,0.614323947,47.30998918,1.527607013,18.78632692,8.62516695,0,4.89806065930009
"118",4,0.366289088886038,0.824896887889014,0.264221726033812,0.303068181818182,127,0.880815289748883,1.14,1,118,25,"10/20/49",35.743,144.5,0,0,22.196,34.11,23.4883851859134,1.12,93.37629614,0.17,11.92857143,0.29,4.833500027,0.16,11.75491582,0.002,0.17142858,0,0.002227027,10,0.318320967,3,0.101504682,6.714800358,0.216816285,3.132885701,4.672785734,1520,-4.89805453050795
"119",6,0.606356804949364,0.723701159295835,0.338414176323902,0.230297636705231,137,0.361989314874738,0.405,1,119,25,"10/20/50",35.743,144.5,2,20,22.137,34.107,23.5026361423957,0.91,75.53341257,0.11,7.871428571,0.26,4.35730943,0.1,7.002398425,0.002,0.17142858,10,0.697601567,16,0.514207304,4,0.114032935,12.39340019,0.400174369,3.520885712,4.196595136,880,-4.89805453050795
"120",4,0.34461329854959,0.839320866141732,0.248585948420941,0.297859865142187,128,0.160811896045988,0.12,3,120,25,"10/20/52",35.743,144.5,8,50,20.593,34.06,23.8892173372146,1.14,95.10073628,0.23,16.52857143,0.68,11.39860133,0.2,14.45858842,0.027,1.964285704,1,0.105697303,23,0.737000312,10,0.333267664,12.50360012,0.403732648,10.1985317,9.557083478,800,-4.89805453050795
"121",2,0.0485286554060803,0.983193277310924,0.0700120504953614,0.508547008547009,119,1.14199299138621,1.51,2,121,25,"10/20/53",35.743,144.5,10,90,15.5425,33.871,24.9829288622614,0.79,65.38964703,0.16,11.34285714,1.15,19.18747947,0.12,8.614574452,0.038,2.707142915,0,0.021139776,20,0.650100105,8,0.270629645,11.75220013,0.379470459,8.212203676,16.64953298,720,-4.89805453050795
"122",8,0.894103909545619,0.568944099378882,0.429973092113633,0.219705240174672,161,1.02199242576906,1.34,1,122,26,"10/21/09",35.587,145,0,0,24.511,34.214,22.896335345652,0.99,82.12,0.13,9.285714286,0.61,10.09,0.05,3.571428571,27.65,1.97,51.07,3.647857143,10.15,0.33,6.47,0.21,3.68,0.12,6.34,8.243125,4000,-23.065398
"123",5,0.343531526015331,0.854025044722719,0.213448138235899,0.234185169669041,130,0.95846271455998,1.25,1,123,26,"10/21/09",35.587,145,4,30,24.135,34.21,23.0051986491632,0.86,71.53,0.09,6.69,0.17,2.81,0.01,0.73,2.56,0.18,81,5.79,7.75,0.25,0.39,0.01,7.36,0.24,0.38,2.64,1200,-23.065398
"124",4,0.480246089094749,0.774039987305617,0.346424325571657,0.322980729807298,138,0.414930740882304,0.48,1,124,26,"10/21/09",35.587,145,8,50,23.0425,34.1065,23.2454752569865,0.82,67.98,0.08,5.68,0.53,8.79,0,0.17,41.16,2.94,36,2.57,17.36,0.56,5.95,0.19,11.41,0.37,5.76,6.03,1700,-23.065398
"125",4,0.139589197642643,0.952387096774194,0.100692321600355,0.262498306462539,125,0.270224176461624,0.275,1,125,26,"10/21/09",35.587,145,10,90,20.918,34.3575,24.0284054915712,0.85,70.45,0.12,8.76,0.38,6.36,0.04,2.81,70.26,5.02,13,0.93,23.36,0.75,8.55,0.28,14.81,0.48,8.24,1.66,300,-23.065398
"126",5,0.637563264274191,0.623648493213711,0.396140329085417,0.320693471043895,162,0.731,0.63,1,126,27,"10/21/09",35.6712,145,0,0,23.804,34.201,23.0959574071437,0.89,73.87,0.1,7.22,0.37,6.23,0.02,1.55,16.5,1.18,63,4.5,7.75,0.25,1.95,0.06,5.79,0.19,1.88,5.12,3600,-13.6922968752064
"127",6,0.732613271296384,0.67270826071802,0.408879251862984,0.247754749568221,152,0.714,0.555,1,127,27,"10/21/09",35.6712,145,2,20,23.68,34.251,23.1701443796943,0.76,63.42,0.09,6.38,0.2,3.39,0,0.29,13.1,0.94,72.26,5.16,5.95,0.19,2.48,0.08,3.47,0.11,2.42,2.52,1900,-13.6922968752064
"128",4,0.136880129835339,0.953494094488189,0.0987381422548403,0.262193548387097,128,0.756,0.545,1,128,27,"10/21/09",35.6712,145,4,30,22.8055,34.134,23.3341792350069,0.86,71.89,0.1,7.3,0.21,3.48,0.03,2.46,6.38,0.46,61.4,4.39,5.35,0.17,0.91,0.03,4.43,0.14,0.89,3.06,200,-13.6922968752064
"129",3,0.154708626287194,0.93953488372093,0.140821860344155,0.354785478547855,130,0.654,0.485,1,129,27,"10/21/09",35.6712,145,10,90,17.5975,34.425,24.9308623494164,0.77,64.35,0.2,14.06,0.86,14.32,0.02,1.22,152.8,10.91,27,1.93,26.67,0.86,20.7,0.67,5.97,0.19,20.02,4.08,1300,-13.6922968752064
"130",6,0.61464245098074,0.72331096196868,0.343038483421855,0.230421873066931,150,0.156,0.155,1,130,28,"10/21/09",35.7537,145,0,0,22.18,34.099,23.4845187981716,0.76,63.2,0.09,6.56,0.24,4.07,0.05,3.35,13.91,0.99,31,2.21,18.56,0.6,2.3,0.07,16.26,0.52,2.24,3.14,3000,-4.50843888476123
"131",7,0.325651484971708,0.88562091503268,0.167351758317209,0.161307327358988,136,0.529,0.77,3,131,28,"10/21/09",35.7537,145,2,20,21.2275,34.028,23.6937335365379,0.75,62.75,0.09,6.78,0.31,5.1,0.02,1.28,25.2,1.8,51.78,3.7,8.05,0.26,1.78,0.06,6.27,0.2,1.67,3.41,700,-4.50843888476123
"132",5,0.362300164430071,0.840121580547113,0.225109748957095,0.238060781476122,141,0.748,0.63,3,132,28,"10/21/09",35.7537,145,8,50,17.0635,33.54,24.3799167270931,0.81,67.81,0.08,5.97,0.35,5.78,0,0.08,10.53,0.75,72,5.14,6.25,0.2,1.95,0.06,4.29,0.14,1.91,5.07,3800,-4.50843888476123
"133",3,0.122185422053742,0.955342902711324,0.111217964075272,0.348914858096828,133,0.928,0.68,1,133,28,"10/21/09",35.7537,145,10,90,16.064,34.527,25.3700149100305,0.47,39.35,0.16,11.66,0.64,10.72,0.008541867,0.61,108.71,7.77,46,3.29,20,0.65,19.83,0.64,0.17,0.01,19.35,3.44,200,-4.50843888476123
"134",5,0.281970056141329,0.888854134084037,0.175197846380343,0.225008797653959,139,0.779,0.525,3,134,29,"10/21/09",35.8347,145,0,0,18.039,33.279,23.9459321171836,0.89,74.27,0.1,7.47,0.23,3.8,0.04,2.95,6.26,0.45,57,4.07,7.45,0.24,2.3,0.07,5.15,0.17,2.27,3.38,800,4.50843986949379
"135",2,0.0442600020458068,0.984962406015038,0.0638536854612208,0.50763358778626,133,0.104,0.13,3,135,29,"10/21/09",35.8347,145,2,20,17.764,33.3045,24.032223721304,0.89,73.82,0.08,5.53,1.14,18.97,0.01,0.46,3.92,0.28,67,4.79,7.45,0.24,1.09,0.04,6.36,0.21,1.07,18.71,3600,4.50843986949379
"136",5,0.172415713758831,0.942249892657793,0.107127906225392,0.212257917521075,137,1.159,0.88,2,136,29,"10/21/09",35.8347,145,10,90,12.651,33.9225,25.6275891975674,0.77,64.14,0.17,12.41,1.5,25.06,0,0.1,166.22,11.87,6,0.43,30.27,0.98,25.04,0.81,5.23,0.17,24.3,13.93,1200,4.50843986949379
"137",5,0.787101090954631,0.553439153439153,0.489053404840095,0.361376673040153,190,0.886,0.635,3,137,30,"10/21/09",35.916,145,0,0,19.512,32.856,23.2544279782545,0.61,51.14,0.06,4.4,0.18,3.03,0.01,0.5,5.66,0.4,49,3.5,11.65,0.38,0.91,0.03,10.74,0.35,0.89,2.65,7300,13.5587144709864
"138",4,0.590598004933481,0.699386503067485,0.426026406438224,0.357456140350877,163,0.496107594093905,0.595,3,138,30,"10/21/09",35.916,145,2,20,17.1795,33.3895,24.2371080484847,0.58,48.52,0.06,4.36,0.16,2.58,0,0.25,0.48,0.03,57,4.07,2.34,0.08,1.09,0.04,1.26,0.04,1.09,2.55,900,13.5587144709864
"139",3,0.145807413137109,0.943782117163412,0.132719626970382,0.353188863479618,140,0.805,0.59,3,139,30,"10/21/09",35.916,145,4,30,16.763,33.4795,24.4039401328221,0.58,48.52,0.1,6.84,0.3,4.92,0.01,0.67,31.39,2.24,55,3.93,6,0.19,6.47,0.21,-0.47,-0.02,6.33,2.82,1300,13.5587144709864
"140",2,0.0429247950234865,0.985507246376812,0.0619273889115593,0.507352941176471,138,0.167,0.23,2,140,30,"10/21/09",35.916,145,10,90,11.2005,33.8965,25.8805696782426,0.64,52.97,0.16,11.69,0.73,12.11,0.01,1.02,114.28,8.16,35,2.5,21.86,0.71,16.53,0.53,5.33,0.17,16.02,4.46,0,13.5587144709864
"141",4,0.307731341195659,0.860602212951206,0.221981239934543,0.290494256507535,149,0.323,0.41,3,141,31,"10/21/09",35.9997,145,0,0,18.306,33.342,23.9286569699473,NA,0,NA,0,NA,0,NA,0,NA,0,NA,0,NA,0,NA,0,0,0,0,0,3700,22.8761558503835
"142",5,0.227323636024671,0.918869731800766,0.141244116513242,0.217658709475659,145,0.418,0.415,3,142,31,"10/21/09",35.9997,145,2,20,17.5475,33.4755,24.2153303918997,0.77,63.85,0.09,6.31,0.7,11.66,0.01,0.68,31.83,2.27,47,3.36,10.75,0.35,5.77,0.19,4.98,0.16,5.63,9.53,2300,22.8761558503835
"143",6,0.631330605034193,0.724981522542498,0.352352319536611,0.22989091650525,165,1.316,0.995,3,143,31,"10/21/09",35.9997,145,4,30,17.421,33.699,24.4169065156532,0.65,53.73,0.12,8.35,0.27,4.52,0,0.1,27.46,1.96,88,6.29,7,0.23,6.99,0.23,0.01,0,6.87,2.68,3300,22.8761558503835
"144",4,0.185334476053806,0.932640529050543,0.13369056475429,0.268056118314425,146,0.25,0.28,2,144,31,"10/21/09",35.9997,145,10,90,11.255,33.8775,25.8559019415788,0.42,35.1,0.13,9.04,0.6,9.91,0.02,1.1,95.19,6.8,16,1.14,19.16,0.62,19.48,0.63,-0.32,-0.01,19.06,3.54,400,22.8761558503835
"145",5,0.606405340025841,0.701754385964912,0.376780822261555,0.285,171,0.164341324446492,0.125,3,145,32,"10/21/09",36.0818,145,0,0,21.148,33.96,23.6636298868028,0.64,53.58,0.07,5.09,0.26,4.25,0.01,0.94,14.99,1.07,43,3.07,7.15,0.23,1.09,0.04,6.06,0.2,1.02,3.24,2700,32.0154860445116
"146",2,0.0414328681373427,0.986111111111111,0.0597749933915506,0.507042253521127,144,0.589,0.415,3,146,32,"10/21/09",36.0818,145,2,20,18.612,33.4755,23.9548826966782,0.84,69.57,0.41,29.56,1.36,22.72,0.26,18.37,106.6,7.61,50.12,3.58,26.07,0.84,13.06,0.42,13,0.42,12.59,15.58,100,32.0154860445116
"147",2,0.223718076065834,0.888544891640867,0.322756958897398,0.562717770034843,153,0.845,0.565,3,147,32,"10/21/09",36.0818,145,4,30,18.089,33.6745,24.2363734899559,1.01,83.94,0.36,25.89,0.28,4.74,0.19,13.63,25.9,1.85,145.78,10.41,11.05,0.36,1.43,0.05,9.62,0.31,1.32,3.01,900,32.0154860445116
"148",4,0.500354218564528,0.716962328084513,0.360929274905459,0.34869335557409,174,0.586,0.655,2,148,32,"10/21/09",36.0818,145,10,90,12.638,33.986,25.6793577234464,0.79,65.59,0.31,22.14,1.03,17.1,0.05,3.92,136.04,9.72,118.99,8.5,26.07,0.84,17.05,0.55,9.01,0.29,16.45,7.99,3800,32.0154860445116
"149",7,0.388136283334346,0.844916805986785,0.199462592619076,0.169078354040193,159,0.164,0.24,3,149,33,"10/21/09",36.1672,145,0,0,21.322,33.799,23.4938310683615,0.87,72.14,0.08,6.07,0.35,5.82,0.01,0.87,22.75,1.63,50,3.57,5.35,0.17,2.3,0.07,3.04,0.1,2.2,4.3,3700,41.5221705582571
"150",5,0.330736834594444,0.857176976355386,0.205498349479192,0.23332404569518,159,0.059,0.11,3,150,33,"10/21/09",36.1672,145,2,15,21.101,33.929,23.6528011772136,NA,NA,NA,NA,NA,NA,NA,NA,NA,NA,NA,NA,NA,NA,NA,NA,NA,NA,NA,NA,1100,41.5221705582571
"151",5,0.427342589295452,0.817073170731707,0.265522879754425,0.244776119402985,164,0.264,0.2,3,151,33,"10/21/09",36.1672,145,4,22,18.8556,33.5955,23.9855758599246,0.64,53.21,0.07,4.79,0.18,3.03,0,0.18,7.5,0.54,57,4.07,7.15,0.23,0.45,0.01,6.69,0.22,0.42,2.53,500,41.5221705582571
"152",4,0.291654935346956,0.869654088050314,0.210384564437922,0.287470620141023,160,0.919,0.785,2,152,33,"10/21/09",36.1672,145,10,90,12.301,33.9745,25.7357577202595,NA,0,NA,0,NA,0,NA,0,NA,0,NA,0,NA,0,NA,0,0,0,0,0,2000,41.5221705582571
"153",5,0.818592119711207,0.577754790404414,0.508619881131777,0.346167618722824,202,0.93,0.76,1,153,34,"10/21/09",35.6667,145.5,0,0,23.395,34.164,23.1872842728674,0.84,69.84,0.08,5.84,0.64,10.63,0,0.08,42.79,3.06,37.73,2.7,12.55,0.41,4.38,0.14,8.17,0.26,4.19,7.76,5200,0
"154",3,0.108410071763152,0.961378490790256,0.0986790998802515,0.34672435105068,154,0.267,0.29,1,154,34,"10/21/09",35.6667,145.5,2,20,23.396,34.177,23.1968424086942,0.82,68.56,0.08,5.44,0.18,3.03,0.02,1.67,5.75,0.41,47,3.36,20.66,0.67,1.09,0.04,19.57,0.63,1.06,2.65,300,0
"155",3,0.0783172831367849,0.974110856463798,0.0712874632339422,0.342192401533635,154,0.051,0.1,1,155,34,"10/21/09",35.6667,145.5,4,30,23.389,34.1815,23.2022824799674,0.84,69.94,0.07,4.91,0.21,3.48,0,0.17,1.45,0.1,65,4.64,3.24,0.1,1.43,0.05,1.81,0.06,1.43,3.39,100,0
"156",3,0.107270774338239,0.961869313482217,0.0976420666733006,0.346547424542093,156,0.639,0.49,1,156,34,"10/21/09",35.6667,145.5,8,50,22.578,34.177,23.4315148021011,0.79,65.8,0.1,7.31,0.34,5.64,0.01,0.57,44.34,3.17,50,3.57,13.45,0.43,5.25,0.17,8.2,0.26,5.05,2.67,300,0
"157",3,0.132300491016187,0.950092719503346,0.120425096624925,0.350842950893867,158,0.795,0.62,1,157,34,"10/21/09",35.6667,145.5,10,90,20.0165,34.439,24.3307864112462,0.79,66.16,0.16,11.23,0.47,7.89,0.01,0.48,81.43,5.82,69.04,4.93,17.36,0.56,12.19,0.39,5.16,0.17,11.83,2.44,400,0
"158",6,0.913730497724641,0.51718253968254,0.509962700584082,0.322258881301312,225,0.59,0.44,1,158,35,"10/22/09",35.5833,145.5,0,0,24.1426,34.25,23.0332110195974,1.07,89.09,0.15,11.01,0.39,6.54,0.04,2.57,25.23,1.8,93,6.64,9.25,0.3,1.78,0.06,7.47,0.24,1.67,4.85,4600,-9.28404553215875
"159",6,1.11681544208507,0.437622489959839,0.623306566124209,0.38084575288158,250,0.124,0.195,1,159,35,"10/22/09",35.5833,145.5,2,20,23.7327,34.2077,23.1219331580802,0.82,68.22,0.08,5.57,0.19,3.17,0.01,0.73,9.73,0.69,58,4.14,8.05,0.26,0.13,0,7.92,0.26,0.08,2.52,9200,-9.28404553215875
"160",2,0.0383507834087114,0.987341772151899,0.0553284850379546,0.506410256410256,158,0.038,0.08,1,160,35,"10/22/09",35.5833,145.5,4,40,23.5969,34.3419,23.263268714713,0.47,38.86,0.08,5.72,0.16,2.63,0.01,0.84,26.33,1.88,42,3,7.45,0.24,2.82,0.09,4.63,0.15,2.71,0.87,100,-9.28404553215875
"161",2,0.255157878134281,0.868012530455969,0.368115005428077,0.576028550805999,170,0.668,0.655,1,161,35,"10/22/09",35.5833,145.5,10,90,19.685,34.4151,24.3992125051916,2.31,192.34,0.16,11.43,0.13,2.23,NA,0,90.23,6.45,69,4.93,13.23,0.43,12.1,0.39,1.13,0.04,11.7,-3.81,1200,-9.28404553215875
"162",10,0.745919487566233,0.704093567251462,0.323948717394116,0.14202657807309,190,0.481989880491887,0.575,1,162,36,"10/22/09",35.5,145.5,0,0,24.1426,34.2858,23.060296875802,1.01,84.22,0.12,8.78,0.24,3.98,0,0.27,11.32,0.81,107.75,7.7,8.35,0.27,0.74,0.02,7.61,0.25,0.69,3.22,2900,-18.5569591152388
"163",8,0.807794837091495,0.641199940889611,0.388467201842536,0.194946992394561,202,0.639,0.55,1,163,36,"10/22/09",35.5,145.5,2,20,25.0747,34.2985,22.7903370853987,0.82,67.87,0.07,4.83,0.1,1.69,0.01,0.9,6.11,0.44,49,3.5,7.75,0.25,0.22,0.01,7.53,0.24,0.19,1.28,1600,-18.5569591152388
"164",4,0.573358786806259,0.720143290162579,0.413590939187751,0.347153133848626,191,0.331,0.335,1,164,36,"10/22/09",35.5,145.5,4,40,24.6541,34.2561,22.8852826120248,0.87,72.75,0.09,6.54,0.17,2.81,0.01,0.97,6,0.43,72,5.14,3.84,0.12,0.39,0.01,3.45,0.11,0.37,2.41,3000,-18.5569591152388
"165",3,0.130281794200603,0.952391383716685,0.118587599596714,0.349996166526106,166,0.038,0.115,1,165,36,"10/22/09",35.5,145.5,8,65,22.7416,34.3115,23.4870297391635,0.74,61.57,0.1,7.06,0.31,5.15,0.01,0.82,45.27,3.23,42,3,14.35,0.46,6.29,0.2,8.06,0.26,6.09,2.11,400,-18.5569591152388
"166",6,0.504944834097668,0.761008078279668,0.281815077732065,0.219007749619995,188,0.612,0.73,1,166,37,"10/22/09",35.4167,145.5,0,0,25.0484,34.2704,22.7770919527105,1.12,92.99,0.14,10.33,0.13,2.18,0.02,1.55,2.83,0.2,120,8.57,5.95,0.19,1.09,0.04,4.86,0.16,1.07,1.99,2500,-27.8298726983181
"167",4,0.109741751559458,0.964288290888103,0.0791619403766497,0.259258566512045,167,0.784,0.67,1,167,37,"10/22/09",35.4167,145.5,2,20,25.0739,34.279,22.7758503144322,0.79,65.43,0.07,5.13,0.12,2.04,0.02,1.56,2.95,0.21,47,3.36,2.34,0.08,0.95,0.03,1.4,0.05,0.93,1.85,100,-27.8298726983181
"168",4,0.23537963287746,0.909934130931577,0.169790514539288,0.274745161766878,173,0.852,0.765,1,168,37,"10/22/09",35.4167,145.5,4,35,25.0641,34.2817,22.7808642536519,0.81,67.48,0.07,4.77,0.13,2.22,0.02,1.38,3.51,0.25,44,3.14,10.15,0.33,1,0.03,9.15,0.3,0.98,1.99,800,-27.8298726983181
"169",2,0.111474023452228,0.95377654020188,0.160823020822469,0.524231807897234,170,0.465,0.42,1,169,37,"10/22/09",35.4167,145.5,8,45,25.0635,34.2804,22.7800643502171,0.83,69.12,0.1,6.82,0.24,4.02,0.01,0.54,27.91,1.99,60,4.29,15.56,0.5,3.34,0.11,12.21,0.39,3.22,2.15,400,-27.8298726983181
"170",1,0,1,NA,1,167,0.101,0.135,1,170,37,"10/22/09",35.4167,145.5,10,80,21.5687,34.6548,24.0768409453508,NA,0,NA,0,NA,0,NA,0,NA,0,NA,0,NA,0,NA,0,0,0,0,0,100,-27.8298726983181
"171",6,0.493903447243435,0.76058971208803,0.275652762396854,0.219128215932767,194,0.589,0.718,3,171,38,"10/22/09",35.3333,145.5,0,0,25.0242,33.4304,22.1500255602087,0.85,70.59,0.09,6.72,0.13,2.22,0.02,1.38,3.66,0.26,71,5.07,10.15,0.33,0.91,0.03,9.24,0.3,0.9,1.98,2500,-37.1139182304768
"172",3,0.171161090337235,0.932873563218391,0.155797538497171,0.357318876293741,175,0.983,0.748,1,172,38,"10/22/09",35.3333,145.5,2,20,25.0243,34.2874,22.7972424567415,0.84,70.19,0.07,4.99,0.37,6.09,0.01,0.57,17.85,1.27,44,3.14,4.75,0.15,1.95,0.06,2.79,0.09,1.88,4.9,600,-37.1139182304768
"173",5,0.368772653609705,0.846357226792009,0.22913133259796,0.236306837903506,185,0.451,0.273,1,173,38,"10/22/09",35.3333,145.5,4,30,24.9561,34.2811,22.8131411104582,0.84,69.63,0.07,5.23,0.13,2.22,0.01,0.69,4.56,0.33,59,4.21,7.15,0.23,1,0.03,6.15,0.2,0.98,1.92,2700,-37.1139182304768
"174",4,0.389972066370008,0.829844123335988,0.281305383118616,0.301261397134435,188,0.317,0.239,1,174,38,"10/22/09",35.3333,145.5,8,65,23.3066,34.2479,23.2764725874947,0.87,72.85,0.09,6.72,0.43,7.17,0,0.35,50.29,3.59,39,2.79,14.05,0.45,5.6,0.18,8.45,0.27,5.37,3.8,3500,-37.1139182304768
"175",2,0.0355514210185078,0.988439306358382,0.0512898587999568,0.505847953216374,173,0.125,0.161,1,175,38,"10/22/09",35.3333,145.5,10,80,21.9723,34.6297,23.9456916003579,0.76,63.56,0.09,6.13,0.14,2.31,0.006538335,0.47,27.26,1.95,52,3.71,7.45,0.24,1.95,0.06,5.49,0.18,1.83,0.49,0,-37.1139182304768
"176",4,0.105032598173858,0.966103896103896,0.0757650042585539,0.258771340233902,176,0.431,0.412,1,176,39,"10/22/09",35.25,145.5,0,0,24.8162,34.2554,22.8359819435659,0.79,65.45,0.07,4.89,0.12,1.96,0.02,1.26,4.89,0.35,46,3.29,1.16,0.04,0.56,0.02,0.6,0.02,0.54,1.63,10200,-46.3868318135568
"177",2,0.2111234043847,0.896650035637919,0.304586688521402,0.557631160572337,184,0.443,0.396,1,177,39,"10/22/09",35.25,145.5,2,10,24.8216,34.2867,22.8580067319365,0.8,66.91,0.08,5.57,0.1,1.64,0.02,1.47,6.28,0.45,51,3.64,6.25,0.2,0.66,0.02,5.59,0.18,0.63,1.22,1000,-46.3868318135568
"178",4,0.10404453098526,0.966482574747667,0.075052264442026,0.258669950738916,178,0.946,0.675,1,178,39,"10/22/09",35.25,145.5,4,35,24.8283,34.2896,22.8581773872974,0.55,45.84,0.05,3.76,0.07,1.1,0.01,0.91,5.83,0.42,34,2.43,4.75,0.15,0.23,0.01,4.52,0.15,0.2,0.71,100,-46.3868318135568
"179",3,0.0693948810408789,0.977591569859709,0.063165942850511,0.340974025974026,178,0.163,0.188,1,179,39,"10/22/09",35.25,145.5,8,60,24.5958,34.3032,22.9383803142937,0.78,64.87,0.09,6.2,0.54,8.92,0,0.09,40.6,2.9,45,3.21,15.86,0.51,7.51,0.24,8.35,0.27,7.33,6.2,200,-46.3868318135568
"180",3,0.417451846258347,0.773203921377359,0.379981045692143,0.431106625454698,203,0.078,0.117,1,180,39,"10/22/09",35.25,145.5,10,80,22.5532,34.6636,23.8077962162439,0.78,64.63,0.1,7.04,0.16,2.58,0,0.08,22.4,1.6,75,5.36,8.95,0.29,2.13,0.07,6.82,0.22,2.03,1.08,200,-46.3868318135568
"181",8,0.563230821772952,0.778631594502734,0.270856771149218,0.160538052761435,202,0.368,0.418,1,181,40,"10/22/09",35.1667,145.5,0,0,25.0716,34.2832,22.7797209968894,1,83.4,0.12,8.72,0.47,7.83,0.05,3.43,6.99,0.5,67,4.79,7,0.23,0.33,0.01,6.67,0.22,0.3,7.36,3300,-55.6597453966369
"182",4,0.317920764564599,0.862370466321243,0.229331355216487,0.289898610589561,193,0.547,0.461,1,182,40,"10/22/09",35.1667,145.5,2,15,25.0797,34.2974,22.7879881757576,0.97,80.47,0.12,8.82,0.76,12.7,0.01,1,56.55,4.04,53,3.79,5.95,0.19,5.43,0.18,0.52,0.02,5.17,8.91,1400,-55.6597453966369
"183",4,0.170491777988914,0.936704446381866,0.122983821308474,0.266893149664929,186,0.51,0.384,1,183,40,"10/22/09",35.1667,145.5,4,50,25.0446,34.2984,22.7993958545576,0.93,77.02,0.1,7.31,0.14,2.4,0.04,2.53,6.93,0.49,60,4.29,4.45,0.14,0.05,0,4.4,0.14,0.01,1.94,600,-55.6597453966369
"184",5,0.684191421213338,0.680625257095845,0.425112031925837,0.293847455578388,221,0.274,0.404,1,184,40,"10/22/09",35.1667,145.5,8,65,24.4511,34.3563,23.021839842978,0.82,67.89,0.09,6.66,0.17,2.76,0.06,4.31,13.19,0.94,19.67,1.41,7.15,0.23,2.82,0.09,4.33,0.14,2.76,1.88,4000,-55.6597453966369
"185",7,0.406645410515273,0.83105527638191,0.208974402396066,0.171898484874661,200,0.048,0.112,1,185,40,"10/22/09",35.1667,145.5,10,75,23.1534,34.5759,23.5693608964206,0.65,54.51,0.09,6.61,0.14,2.4,0.01,0.7,24.77,1.77,58,4.14,4,0.13,3.69,0.12,0.31,0.01,3.58,0.75,1700,-55.6597453966369
